<?xml version="1.0" encoding="UTF-8"?>
<project-private xmlns="http://www.netbeans.org/ns/project-private/1">
    <editor-bookmarks xmlns="http://www.netbeans.org/ns/editor-bookmarks/2" lastBookmarkId="0"/>
    <open-files xmlns="http://www.netbeans.org/ns/projectui-open-files/2">
        <group>
            <file>file:/F:/Semester2/Java2/Assignment%231/Assignment1/src/assignment1/Assignment1.java</file>
            <file>file:/F:/Semester2/Java2/Assignment%231/Assignment1/src/Order.java</file>
            <file>file:/F:/Semester2/Java2/Assignment%231/Assignment1/src/Purchase.java</file>
            <file>file:/F:/Semester2/Java2/Assignment%231/Assignment1/src/OrderQ.java</file>
        </group>
    </open-files>
</project-private>
